Timer de début,Timer de fin (AUTO),Sous-titre,Longueur (AUTO),Personnage,"Fond sonore (exemples : grillons, volcans, poules). Préciser le volume sonore.",
00:03:48,00:03:49,"Allez, dégagez, là, oh",22,Filippi (Zéro),"Klaxons, clameurs du peuple",
00:04:02,00:04:05,"Laure, mais où est-ce que vous allez ?",38,Filippi (Zéro),Clameurs du peuple,
00:04:09,00:04:12,Mais vous n'allez pas recommencer non ?,39,Filippi (Zéro),Clameurs du peuple,
00:04:14,00:04:14,Laure !,7,Filippi (Zéro),,
00:04:25,00:04:30,"De toutes façons, je suis pour le petit avec la chemise verte",61,Laure (Dombasle),,
00:04:28,00:04:30,Et on peut savoir pourquoi ?,28,Filippi (Zéro),Quasi inaudible. Clameurs de la foule,
00:04:31,00:04:35,"Parce que l'autre ressemble, vous n'avez pas remarqué ?",55,Laure (Dombasle),,
00:04:33,00:04:35,Pourquoi vous êtes si méchante ?,32,Filippi (Zéro),,
00:04:35,00:04:39,"Et en plus vous avez tort, c'est cui en blanc qui va gagner",59,Filippi (Zéro),,
00:04:37,00:04:37,Tiens !,7,Filippi (Zéro),,
00:04:40,00:04:40,Oh !,4,Laure (Dombasle),,
00:04:48,00:04:50,Mais il faut les arrêter !,26,Laure (Dombasle),,
00:04:51,00:04:52,Attends ça suffit !,19,Filippi (Zéro),inaudible.,
00:05:22,00:05:26,"Allez, une petite révision pour se changer les idées.",53,Filippi (Zéro),,
00:05:23,00:05:30,"Et puis, ce livre je le connais par coeur. Vous me l'avez fait répéter cent fois depuis Paris.",94,Laure (Dombasle),superposé au dialogue précédent.,
00:05:29,00:05:33,Oh non ! Vous savez bien que l'héroïne ne fume pas !,52,Filippi (Zéro),,
00:05:33,00:05:33,inaudible,9,Filippi (Zéro),,
00:05:36,00:05:37,Tenez. Lisez ça. Là.,20,Filippi (Zéro),,
00:06:39,00:06:40,C'est donc là ?,15,Laure (Dombasle),,
00:06:41,00:06:44,C'est pas possible. On a dû se tromper.,39,Filippi (Zéro),,
00:06:53,00:06:53,Monsieur !,10,Filippi (Zéro),,
00:06:55,00:07:01,Ola roven ! Est-ce que nous sommes bien chez l'écrivain Alexandre Calf...,73,Filippi (Zéro),,
00:06:59,00:07:01,"Vous fatiguez pas, il est sourd !",33,Jean-Pierre Kalfon,,
00:07:03,00:07:11,"Ah. Je suis Filippi. Raoul Filippi. Le producteur ! Avec Laure, l'actrice !
Nous venons pour le film.",101,Filippi (Zéro),,
00:07:11,00:07:13,Je sais. On a reçu vos lettres.,31,Jean-Pierre Kalfon,,
00:07:20,00:07:24,"Ah, il est là ! Monsieur Alexandre ! Monsieur Alexandre !",57,Filippi (Zéro),,
00:07:27,00:07:29,Filippi ! De Paris ! Avec Laure !,33,Filippi (Zéro),,
00:07:29,00:07:35,"Je devrais vous accueillir, mais y'a un vent de mer qui me pousse vers l'ouest",78,Alexandre (Delon),,
00:07:35,00:07:38,"Ne vous inquiétez pas, on va se débrouiller !",45,Filippi (Zéro),,
00:07:37,00:07:40,Qu'est-ce que vous dites ? Je vous entends pas,46,Alexandre (Delon),,
00:07:42,00:07:44,Je dis on va se débrouiller,27,Filippi (Zéro),,
00:07:44,00:07:45,Je vous entends pas,19,Alexandre (Delon),,
00:07:47,00:07:48,On va se débrouiller !,22,Filippi (Zéro),,
00:07:50,00:07:55,"C'est ça vous avez raison, on est mieux dans le ciel. Tellement mieux",69,Alexandre (Delon),,
00:07:55,00:07:56,À plus tard !,13,Alexandre (Delon),,
00:08:04,00:08:04,Bien,4,Filippi (Zéro),,
00:08:06,00:08:06,Les bagages,11,Filippi (Zéro),,
00:08:14,00:08:17,Qu'est-ce que vous avez fichu là-dedans ?,41,Filippi (Zéro),,
00:08:18,00:08:18,Dites-moi,9,Filippi (Zéro),,
00:08:21,00:08:21,Le cadeau,9,Filippi (Zéro),,
00:08:26,00:08:26,Attendez,8,Laure (Dombasle),(rires idiots),
00:08:31,00:08:32,Je vais vous aider,18,Laure (Dombasle),,Bonus : il y a un faux raccord tout à fait chouettos à 00:08:27 où Arielle Dombasle est trop à droite et de dos alors qu'elle est sensée être en face de Filippi sur les autres plans.
00:08:32,00:08:36,"Je vous en prie, ne riez pas en plus, y'a rien de drôle.",56,Filippi (Zéro),,
00:08:37,00:08:40,"Non, mais je vais vous aider, donnez-moi ça.",44,Laure (Dombasle),Rires,
00:08:37,00:08:39,"C'est ça, prenez un sac !",25,Filippi (Zéro),,
00:08:39,00:08:40,Donnez-moi le.,14,Laure (Dombasle),,
00:08:40,00:08:43,C'est beaucoup trop lourd pour vous !,37,Filippi (Zéro),Les bruits d'insectes couvrent une partie du dialogue,
00:08:43,00:08:45,"Filippi, laissez-moi vous aider.",32,Laure (Dombasle),,
00:09:45,00:09:50,"Détendez-vous Filippi, tout va bien. Je suis si émue d'être ici",63,Laure (Dombasle),,
00:09:51,00:09:52,"Pff, et merde",13,Filippi (Zéro),,
00:09:53,00:09:57,"Au fond, vous ne m'avez jamais vraiment dit comment....",55,Laure (Dombasle),,
00:09:57,00:10:11,"Mais si ! Je vous l'ai dit 100 fois ! Il est très content que ce soit vous, simplement ce type vit exilé ici depuis 10 ans, hors-circuit. Il sait plus qui est qui à Paris",170,Filippi (Zéro),il coupe Laure dans sa phrase.,
00:10:07,00:10:08,"10 ans, déjà...",15,Laure (Dombasle),,
00:10:10,00:10:10,Pff !,5,Filippi (Zéro),,
00:10:12,00:10:14,J'ai l'impression que c'était hier.,35,Laure (Dombasle),,
00:10:15,00:10:16,"Hier, quoi ?",12,Filippi (Zéro),,
00:10:18,00:10:22,"Rien. N'essayez pas de comprendre, c'est mon secret",51,Laure (Dombasle),,
00:10:22,00:10:22,Peuh !,6,Filippi (Zéro),interjection,
00:10:22,00:10:27,Concentrez-vous plutôt sur ce que vous allez devoir lui dire.,61,Laure (Dombasle),,
00:10:26,00:10:39,"C'est ça d'accord ! Et vous, concentrez-vous plutôt sur l'effet que vous allez devoir lui faire. Robe longue pour le déjeûner et bikini jaune si on va à la plage.",162,Filippi (Zéro),,
00:10:37,00:10:39,Où est-ce que vous allez là ?,29,Filippi (Zéro),,
00:10:50,00:10:50,...,3,Ariane (Denicourt),Soupirs en hors champ,
00:10:57,00:10:57,Bouge pas,9,Ariane (Denicourt),Soupirs,
00:11:10,00:11:11,"Après, tu me suces ?",20,Carlo (Beauvois),Soupirs,
00:11:15,00:11:16,"Carlo, mon chéri",16,Ariane (Denicourt),Soupirs,
00:11:16,00:11:16,Carlo...,8,Ariane (Denicourt),Soupirs,
00:11:56,00:11:59,"Hum, hum. Oh, vous êtes là ! On ne m'a rien dit",47,Sonia (Bacall),,
00:12:04,00:12:15,Ca n'a pas d'importance ! Ca nous permet de découvrir l'univers très secret d'un grand artiste ! Nous somme tellement impressionnés.,132,Filippi (Zéro),,
00:12:11,00:12:13,On vous a montré vos chambres ?,31,Sonia (Bacall),,
00:12:13,00:12:17,"Non, ça n'a aucune importance, on vient juste d'arriver !",57,Filippi (Zéro),,
00:12:17,00:12:27,"Oui, on vient peut-être juste d'arriver mais ça fait 30 heures qu'on a quitté Paris et je dois avouer que j'ai un peu soif.",123,Laure (Dombasle),,
00:12:25,00:12:35,"Ca ne m'étonne pas. [XXX] est comme ça, elle est a toujours été comme ça. Là, par exemple, que croyez-vous qu'il se dit Monsieur...",131,Sonia (Bacall),,
00:12:35,00:12:37,"Filippi , Raoul Filippi.",24,Filippi (Zéro),,
00:12:38,00:12:40,"Et vous êtes Laure, n'est-ce pas ?",34,Sonia (Bacall),,
00:12:40,00:12:40,Oui Madame.,11,Laure (Dombasle),,
00:12:42,00:12:45,Aidez Monsieur Filippi à porter ses bagages,43,Sonia (Bacall),,
00:12:49,00:12:50,Vous permettez ?,16,Sonia (Bacall),forts bruits d'oiseaux,
00:13:04,00:13:06,"Oui, c'est cela. Exactement cela.",33,Sonia (Bacall),musique mystérieuse (on dirait du Columbo),
00:13:11,00:13:17,"N'ayez pas peur, jeune femme dont vous tiendrez le rôle. N'ayez jamais peur.",76,Sonia (Bacall),musique mystérieuse (on dirait du Columbo),
00:13:23,00:13:24,Qui est cette dame ?,20,Filippi (Zéro),,
00:13:25,00:13:27,"Madame Blanch, Sonia Blanch.",28,Norma,,
00:13:28,00:13:31,"Et bien, elle a pas l'air très Mexicaine.",41,Filippi (Zéro),,
00:13:30,00:13:44,Madame Blanch est Américaine mais elle a surtout vécu à Paris. Maintenant nous habitons la grande maaison sur le cap et puis on rend souvent visite à Monsieur Alexandre.,169,Norma,,
00:13:37,00:13:38,Et vous même ?,14,Filippi (Zéro),,
00:13:38,00:13:47,Je suis la gouvernante de Madame [Blench]. Je sais qu'on nous demande de mettre de l'ordre dans cette maison.,109,Norma,,
00:13:51,00:13:54,Je t'ai préparé une surprise pour le déjeuner.,46,Ariane (Denicourt),,
00:13:53,00:13:57,Ne me dis pas que c'est encore un volcan en chocolat.,53,Carlo (Beauvois),,
00:13:57,00:14:00,Si puisque tu n'aimes que les volcans.,38,Ariane (Denicourt),,
00:14:08,00:14:10,"Où en est la surprise, la popo ?",32,Norma,,
00:14:21,00:14:29,"Débrouille-toi. Elle a dit ""je veux un popo en éruption"", pour une fois qu'elle veut quelque chose.",99,Norma,,
00:17:05,00:17:11,Me voilà ! Je ne vous ai pas fait trop attenndre ? Buvons à ce pauvre et beau pays.,83,Alexandre (Delon),bruit de vagues,
00:17:11,00:17:17,Vous êtes magnifique. Quel dommage qu'on n'ait plus le droit de vous photographier.,83,Sonia (Bacall),,
00:17:17,00:17:39,"Rassurez-vous, il va s'y remettre ! Bien obligé. Non, je veux dire le film mais les paparazzis, les festivals, les magazines. Je me suis tout de même permis de vous apporter ce petit cadeau de Paris. Ah, on se souvient de vous à Paris. On se souvient de vos exploits !",268,Filippi (Zéro),,
00:17:35,00:17:36,Où est-elle ?,13,Alexandre (Delon),,
00:17:36,00:17:53,"Oui, c'est vrai ça, où est-ce qu'elle est encore passée ? C'est toujours la même chose avec les actrices. Elles ne penseny qu'à se montrer et au meilleur moment elles se cachent ! LAURE, C'EST LE MOMENT !",204,Filippi (Zéro),"Laure est loin, Filippi crie pour couvrir le bruit des vagues",
00:17:50,00:17:55,LAURE ! Mon petit crustacé ! Merde ! LAURE ! Allez venez maintenant !,69,Filippi (Zéro),,
00:18:38,00:18:41,Vous avez vu ? Elle marche comme dans le roman.,47,Filippi (Zéro),,
00:18:50,00:18:53,Mettez-ça. Le soleil du Mexique est sans pitié,46,Alexandre (Delon),musique mystérieuse (on dirait du Columbo),
00:18:55,00:18:58,C'est bien. J'aime le soleil moi aussi.,39,Laure (Dombasle),,
00:19:07,00:19:09,Ca doit être amusant là-haut ?,30,Filippi (Zéro),,
00:19:11,00:19:17,"C'est étrange, je ne le reconnais pas vraiment et pourtant c'est bien lui.",74,Laure (Dombasle),,
00:19:19,00:19:21,Ca doit être très amusant là-haut ?,35,Filippi (Zéro),,
00:19:21,00:19:22,Très amusant !,14,Alexandre (Delon),,
00:19:24,00:19:26,Vous n'avez pas le vertige ?,28,Filippi (Zéro),,
08:06:00,08:06:00,Chaque fois.,12,Alexandre (Delon),,
00:19:30,00:19:32,Comment tu trouves l'actrice ?,30,Carlo (Beauvois),,
00:19:33,00:19:35,Moins bien que sur les photos.,30,Ariane (Denicourt),,
00:19:35,00:19:38,T'as tort moi je la trouve excitante.,37,Carlo (Beauvois),,
00:19:37,00:19:54,"Ariane : ma femme, et Carlo, hin hin. Un drôle de type Carlo, mais un vrai savant : tremblement de terre, raz de marée, volcan, exactement le contraire de moi. Plus je monte, plus il descend, quel drôle de métier.",213,Alexandre (Delon),,
00:19:52,00:19:58,"Oh, regarde comme il est essouflé. Ca fait combien de temps qu'il t'a plus baisée ?",83,Carlo (Beauvois),,
00:19:56,00:19:56,Tais-toi.,9,Ariane (Denicourt),,
00:19:57,00:20:00,"Vas-y dis moi. Un an, deux ans, trois ans ?",43,Carlo (Beauvois),,
00:19:59,00:20:01,Je t'en supplie Carlo tais-toi.,31,Ariane (Denicourt),,
00:20:03,00:20:12,"Ah, et puis maintenant voilà l'ordure. Il devrait pas sortir de chez lui en ce moment, il prend des risques.",108,Carlo (Beauvois),,
00:20:07,00:20:09,Qu'est-ce que t'en sais ?,25,Ariane (Denicourt),,
00:20:08,00:20:08,Je sais.,8,Carlo (Beauvois),,
00:20:08,00:20:22,"Ca c'est Cristobal, mon cieil ami Cristobal, il habite de l'autre côté de la baie, tout près . Il est comme ça.3 coups de pistolet quand il arrive, 3 coups quand il s'en va.",173,Alexandre (Delon),,
00:20:18,00:20:19,Il est Mexicain ?,17,Laure (Dombasle),,
00:20:19,00:20:30,"Espagnol, ancien communiste, lendemains qui chantent, clandestinité et tout le bazar. Et puis ici au Mexique il a un peu changé...quoi que...",141,Alexandre (Delon),,
00:20:28,00:20:29,"Quoi que, quoi ?",16,Filippi (Zéro),,
00:20:29,00:20:42,Ah vous savez c'est drôle la vie. Il y a tellement de gens ici qui lui en veulent. Et c'est chez moi qu'il se sent le plus à l'abri. Et ça me fait plaisir.,155,Alexandre (Delon),,
00:21:03,00:21:07,"L'idéal, ne vous fachez pas Laure, c'était Ava Gardner.",55,Filippi (Zéro),,
00:21:07,00:21:11,"Ava Gardner, c'était l'idéal pour tous les rôles.",49,Laure (Dombasle),,
00:21:09,00:21:30,"Ahh, je lai connu Ava Gardner, je crois même que j'ai voulu l'épouser. Ahh, d'abord elle aimait pas mon bateau, et puis on a du lui dire que je demandais toujours en mariage les femmes avec qui j'avais pas couché. A propos, elle veut pas se marier avec moi.",257,Cristobal,"Accent gênant, pas loin d'une pub Old el Paso (promis)",
00:21:27,00:21:30,C'est lui que vous devriez mettre dans un film.,47,Alexandre (Delon),,
00:21:31,00:21:44,"Ah non Maestro, ce que je veux c'est être dans un de tes romans. Il me l'a promis. Un roman de cet homme là, vous devenez un saint ! C'est mieux qu'un garde corps [XXX]",168,Cristobal,,
00:21:46,00:21:55,"Je vais te dire Alexandre, si tu fais de moi un personnage, c'est comme si on déchirait mon casier judiciaire.",110,Cristobal,,
00:21:51,00:21:53,Je peux pas entendre ça là,26,Carlo (Beauvois),,
00:21:53,00:21:58,"Qu'est-ce que c'est mon petit ? Tes oreilles, qui te font mal ?",63,Cristobal,,
00:22:01,00:22:01,Cristobal !,11,Alexandre (Delon),Bruit de perroquet.,
00:22:05,00:22:11,"Il a de la chance, petit, que je veuille pas gâcher la fête du Masestro.",72,Cristobal,,
00:22:12,00:22:17,"D'ailleurs, je crois que M. Filippi veut nous dire quelques mots.",65,Laure (Dombasle),,
00:22:17,00:22:23,"Mais si Raoul, ne soyez pas timide, on a tous très envie de vous entendre.",74,Laure (Dombasle),,
00:22:23,00:22:25,On vous écoute Filippi.,23,Alexandre (Delon),,
00:22:25,00:23:19,"Merci c'est très gentil. Et bien, si je suis ici parmi vous, si vous me voyez si ému, c'est que celà fait plus de 10 ans que j'ai un idée fixe. Cette idée fixe, chacun vous le dira, en tout cas à Paris, c'est le tout premier roman de notre ami. Ce roman, comment dire, un peu sacré, mystérieux, sur lequel ses biographes n'ont cessé de s'interroger et auquel le cinéma n'a jamais pu toucher. On a tiré des tas de films des autres livres d'Alexandre, et quels films ! Mais celui-là, l'histoire de cette Mathilde qui rejoint Ana Karenine et Andromaque au Panthéon des créatures éternelles, il en avait fait une sorte de sanctuaire où le septième art était banni.",660,Filippi (Zéro),,
00:23:10,00:23:12,"Il en fait trop, il perd la tête",32,Laure (Dombasle),,
00:23:11,00:23:20,"Et bien ce roman qui a changé la vie de millions et de millions de lecteurs, ce roman que nous avons tous lu.",109,Filippi (Zéro),,
00:23:16,00:23:16,Même moi !,10,Cristobal,,
00:23:17,00:23:18,Continuez Filippi.,18,Alexandre (Delon),,
00:23:20,00:23:47,"[début de phrase lointaine inaudible] l'insigne honneur de me confier pour que -modestement- je lui offre un nouveau destin, ce roman, je lui ai surtout donné Laure, car regardez-la votre héroïne, regardez-la votre Mathilde. C'est vous qui l'avez créée, c'est elle qui vous a fait souffrir. Elle est vivante, elle vous revient.",327,Filippi (Zéro),,
00:23:44,00:23:47,Taisez-vous maintenant Filippi ça suffit.,41,Laure (Dombasle),,
00:23:46,00:23:51,J'ai jamais réussi à savoir si cette femme elle existait ou non ?,65,Cristobal,,
00:23:51,00:23:54,Tout le monde se pose la question M. Cristobal.,47,Sonia (Bacall),,
00:24:29,00:24:30,La sorpresa por favor,21,Norma,,
00:24:40,00:24:49,"Vous êtes très fort Filippi. Venir voir un vieil écrivain, en bout de course, et que tout le monde a oublié.",108,Alexandre (Delon),,
00:24:49,00:24:55,"Vous plaisantez, depuis que vous avez disparu, vous êtes devenu une légénde !",77,Filippi (Zéro),,
00:24:53,00:25:10,"Venir lui offrir de resusciter les êtres qu'il a aimés et leur donner sous ses yeux, un corps, un visage, des gestes, ah, comme c'est habile. Seulement, vous connaissez l'histoire de Faust n'est-ce pas ?",203,Alexandre (Delon),,
00:25:11,00:25:12,Bien entendu.,13,Filippi (Zéro),,
00:25:13,00:25:19,Vous savez je suppose qu'il s'agit de l'histoire d'un homme qui vend son âme.,77,Alexandre (Delon),,
00:25:17,00:25:19,Ca se vend cher un âme ?,24,Cristobal,,
00:25:19,00:25:32,"Ca n'a pas de prix. Ca se vend contre des illusions. L'illusion de la jeunesse, l'illusion d'une vie qui recommence. Très exactement ce que vous me proposez au fond.",165,Alexandre (Delon),,
00:25:30,00:25:34,Vous croyez vraiment que le diable ressemble à M. Filippi ?,59,Laure (Dombasle),,
00:25:34,00:25:34,Ah ah ah,8,Tous,tout le monde rit,
00:25:36,00:26:10,"Non, non, le diable ce n'est pas lui mais c'est ce qu'il y a autour de lui : les images, l'argent, la jouvence. Et puis, même si il n'est pas le diable, ce roman lui c'est mon âme. Et quelque chose me dit que lorsqu'on brade ça, on finit par le payer, cher. Alors, je suis tenté bien sûr, et je croyais lorsque je vous ai fait venir que j'étais décidé et puis là soudain je ne sais plus. J'ai besoin de réfléchir encore.",420,Alexandre (Delon),,
00:26:22,00:26:23,Mais tout était réglé !,23,Filippi (Zéro),,
00:26:27,00:26:31,Allez dépêchez-vous ! Dites-donc il y a de l'ambiance ici.,58,Norma,,
00:26:34,00:26:38,J'ai l'impression que Cristobal a eu de la visite.,50,,,
00:26:40,00:26:43,"Bon moi j'ai trop chaud, je vais me changer",43,Ariane (Denicourt),,
00:26:47,00:26:52,"C'est pas grave, faut du vinaigre, du vinaigre, apportez du vinaigre !",70,Carlo (Beauvois),,
00:26:50,00:26:51,Laissez-moi voir ça.,20,Alexandre (Delon),,
00:26:51,00:26:56,"Non, non mais c'est rien, je vous assure, c'est rien, c'est rien.",65,Laure (Dombasle),,
00:26:55,00:26:59,"Norma, emmène-la dans mon bureau et fais lui du café",52,Alexandre (Delon),,
00:26:58,00:26:59,Dans ton bureau ?,17,Ariane (Denicourt),,
00:26:59,00:27:00,Dans mon bureau.,16,Alexandre (Delon),,
00:27:00,00:27:03,Si j'avais su je me serai laissée piquer.,41,Ariane (Denicourt),,
00:27:05,00:27:10,Cette fille connait vraiment tous les trucs pour se faire remarquer.,68,Carlo (Beauvois),,
00:27:41,00:27:47,"Est-ce que vous savez que, à part moi, personne n'entre jamais dans ce bureau.",78,Alexandre (Delon),,
00:27:26,00:27:28,"Alors, pourquoi m'y avoir envoyée ?",35,Laure (Dombasle),,
00:27:49,00:27:56,"Je ne sais pas, je fais une expérience sans doute. Mais je ne sais pas trop laquelle.",85,Alexandre (Delon),,
00:28:00,00:28:06,Je me disais bien qu'à un moment ou à un autre vous me feriez passer un examen.,79,Laure (Dombasle),,
00:28:07,00:28:10,L'examen il a commencé dès que je vous ai vu.,45,Alexandre (Delon),,
00:28:15,00:28:19,"Dites moi, cette femme , Mathilde, elle vous aimait non ?",57,Laure (Dombasle),,
00:28:24,00:28:27,Disons qu'elle aimait le héros du livre.,40,Alexandre (Delon),,
00:28:27,00:28:33,"Alors, pourquoi le héros à la fin du livre, l'offre-t-il à un autre homme ?",75,Laure (Dombasle),,
00:28:32,00:28:35,Peut-être faisait-il déjà des expériences.,42,Alexandre (Delon),,
00:28:35,00:28:36,Je comprends pas.,17,Laure (Dombasle),,
00:28:35,00:28:49,"Si, il y a des gens qui se contentent d'être aimés et d'autres qui veulent qu'on les préfèrent. Je voulais que Mathilde me préfère. Elle ne l'a pas compris. Je l'ai perdu.",171,Alexandre (Delon),,
00:28:52,00:28:54,Et qu'est-elle devenue ?,24,Laure (Dombasle),,
00:28:54,00:28:56,Elle a épousé cet homme.,24,Alexandre (Delon),,
00:28:58,00:28:58,Et puis ?,9,Laure (Dombasle),,
00:29:00,00:29:08,"Et puis, il a eu le bon goût de mourir vite dans un accident d'avion et de lui laisser toute sa fortune.",104,Alexandre (Delon),,
00:29:10,00:29:12,Alors vous vous êtes retrouvés ?,32,Laure (Dombasle),,
00:29:12,00:29:15,"Non, enfin, oui. En quelques sortes.",36,Alexandre (Delon),,
00:29:21,00:29:23,Encore tes tremblements de terre.,33,Ariane (Denicourt),,
00:29:22,00:29:34,"Et bien pour une fois je suis pas tout seul, regarde-ça : un expert américain, il écrit exactement la même chose que moi, à la virgule près. Pchrraoouuu !!",155,Carlo (Beauvois),,
00:29:32,00:29:34,On dirait que ça te fait plaisir.,33,Ariane (Denicourt),,
00:29:34,00:29:49,"Oui, ben à chacun sa spécialité, ton mari c'est les livres qu'il écrit plus, moi c'est le tremblement de terre. C'est tellement excitant, le tremblement de terre qui balayerait tout ça là.",188,Carlo (Beauvois),,
00:29:47,00:29:56,"Oh je t'en prie, moi mon chéri, ce que je veux c'est que tu m'emmènes loin d'Alexandre et toute sa dinguerie.",109,Ariane (Denicourt),,
00:29:56,00:29:58,"Tout recommencer à 0, tout.",27,Carlo (Beauvois),,
00:29:59,00:30:01,Tu peux partir tu m'entends.,28,Ariane (Denicourt),,
00:30:25,00:30:26,Où est-elle ?,13,Laure (Dombasle),,
00:30:27,00:30:27,Qui ?,5,Alexandre (Delon),,
00:30:29,00:30:31,"Pardon, Arianne votre femme.",28,Laure (Dombasle),,
00:30:31,00:30:54,"Ah, dans le jardin, avec Carlo. Ce sont de bons amis vous savez. Arianne est fragile, elle a besoin de voir des gens qui la rassurent et Carlo vient souvent. J'ai même fini avec le temps par lui donner une chambre dans l'hacienda, c'est mieux ainsi. Il est séduisant n'est-ce pas ?",281,Alexandre (Delon),,
00:30:57,00:30:58,"Oui, je sais pas.",17,Laure (Dombasle),,
00:30:59,00:31:03,"Ah si, si si, très séduisant, et puis il est jeune.",51,Alexandre (Delon),,
00:31:04,00:31:04,Sans doute.,11,Laure (Dombasle),,
00:31:05,00:31:06,Il vous plait ?,15,Alexandre (Delon),,
00:31:07,00:31:08,Mais non pas du tout !,22,Laure (Dombasle),,
00:31:08,00:31:23,Pourtant vous lui plaisez. Vous savez ce qu'il a dit tout à l'heure quand la guêpe vous a piquée ? Les guêpes connaissent tous les trucs. Elles choisissent toujours ce qu'il y a de plus doux.,191,Alexandre (Delon),,
00:31:22,00:31:23,Bon dites moi plutôt.,21,Laure (Dombasle),,
00:31:24,00:31:24,Oui ?,5,Alexandre (Delon),,
00:31:26,00:31:31,"Quand l'héroïne s'en va, vous avez envie de la tuer n'est-ce pas ?",66,Laure (Dombasle),,
00:31:30,00:31:37,"Oui, puisque dans le roman elle reçoit une balle dans l'épaule. L'épaule...décidément.",86,Alexandre (Delon),,
,00:00:13,Longtemps Mathilde se demanda par quel mystère cet homme ne pouvait aimer ni se laisser aimer sans s'égarer dans des machinations dont il serait avec elle la victime.,166,Laure (Dombasle),,
00:35:42,00:35:47,"Alors Carlo, d'où tu viens ? Fais pas cette tête là on croirait que...",70,Alexandre (Delon),,
00:35:48,00:35:48,Que quoi ?,10,Carlo (Beauvois),,
00:35:49,00:36:07,"Bah je sais pas, t'es chez moi, je te reçois bien, t'es jeune et tu tires une gueule d'enterrement. Fais attention tu vas finir par lui ressembler à [XXX] de la Terre. A propos, tu la prépares toujours ta révolution ?",217,Alexandre (Delon),,
00:36:00,00:36:01,A votre avis ?,14,Carlo (Beauvois),,
00:36:00,00:36:06,"Bien, et tu penses toujours que les bons Indiens vont faire du passé table rase ?",81,Alexandre (Delon),,
00:36:04,00:36:06,Vous voulez jouer à quoi là ?,29,Carlo (Beauvois),,
00:36:05,00:36:12,"Très bien ! Et Cristobal, c'est toujours l'abominable renégat qui vole la terre des paysans ?",93,Alexandre (Delon),,
00:36:10,00:36:12,Ca c'est évident que rien qu'à la,33,Carlo (Beauvois),Alexandre coupe Carlo dans sa phrase,
00:36:13,00:36:16,"Parfait, et bien mon vieux continue !",37,Alexandre (Delon),,
00:36:16,00:36:16,"Dites moi,",10,Carlo (Beauvois),,
00:36:17,00:36:17,Oui,3,Alexandre (Delon),,
00:36:19,00:36:21,"L'actrice, comment elle va ?",28,Carlo (Beauvois),,
00:36:22,00:36:25,Ah mieux ! Mieux.Justement on parlait de toi.,45,Alexandre (Delon),,
00:36:26,00:36:27,"Ah, bon, et alors ?",19,Carlo (Beauvois),,
00:36:29,00:36:35,"Bah oui je comprends pas pourquoi mais, j'ai l'impression que tu lui plais.",75,Alexandre (Delon),,
00:36:50,00:36:57,Toi faudra que tu m'expliques un jour ce que tu fais tout le temps [XXX] au village.,84,Alexandre (Delon),,
00:37:08,00:37:11,Vous savez que vous prenez des risques,38,Sonia (Bacall),,
00:37:13,00:37:14,Des risques ?,13,Laure (Dombasle),,
00:37:14,00:37:18,Il s'est passé des choses si étranges autour de ce livre.,57,Sonia (Bacall),,
00:37:23,00:37:25,Moi vous savez je suis une actrice.,35,Laure (Dombasle),,
00:37:25,00:37:25,Oui.,4,Sonia (Bacall),,
00:37:27,00:37:32,"Et puis, quel risque pourrais-je prendre ? Je n'ai rien à perdre.",65,Laure (Dombasle),,
00:37:32,00:37:37,"Si vous avez une vie, des amis, un homme à Paris qui vous attend.",65,Sonia (Bacall),,
00:37:37,00:37:43,"Plusieurs même ! Ah ah, mais c'est l'avantage, ça vous rend complètement libre.",79,Laure (Dombasle),,
00:37:43,00:37:46,"Un seul conseil, n'entrez pas dans son jeu.",43,Sonia (Bacall),,
00:37:55,00:38:03,"En fait je vais vous dire, ce n'est pas vrai. Je n'aime qu'un homme depuis 10 ans, mais en secret.",98,Laure (Dombasle),,
00:38:10,00:38:18,"Ca fait du bien un peu d'air, moi je deviens fou. Avec ce type qui ne sais même pas ce qu'il veut.",98,Filippi (Zéro),Filippi klaxonne,
00:38:35,00:38:36,"Ola, Reforma.",13,Filippi (Zéro),,
00:38:44,00:38:44,"No, dies.",9,Filippi (Zéro),,
00:39:01,00:39:01,Gracias.,8,Filippi (Zéro),,
00:39:08,00:39:10,Vous avez vu ? Ca a marché !,28,Filippi (Zéro),,
00:39:11,00:39:16,"Je viens de croiser le prêtre du village, il avait l'air si bizarre.",68,Laure (Dombasle),,
00:39:14,00:39:18,"Et regardez Alexandre, il est pas beau notre Alexandre ?",56,Filippi (Zéro),Les voix se chevauchent,
00:39:16,00:39:22,"Pas comme un prêtre normal, je sais pas on aurait dit une sorte de bandit.",74,Laure (Dombasle),Les voix se chevauchent,
00:39:20,00:39:33,"Qu'est-ce que vous voulez que ça me foute ? Allez, ça va être l'heure de la promenade et j'ai comme l'impression que c'est là que je vais emporter le morceau.",158,Filippi (Zéro),,
00:39:57,00:40:14,Le lecteur peut supposer que c'est à dessein que ce jour là il ne tua pas Mathilde mais se contenta de la blesser à l'épaule. Sans doute s'offrait-il ainsi l'illusion qu'un jour ou l'autre elle lui reviendrait.,210,Laure (Dombasle),,
00:40:24,00:40:30,J'ai l'impression qu'il serait plus convenable que tu montes avec ton mari,74,Carlo (Beauvois),,
00:40:29,00:40:36,"Ah ah ah, et depuis quand tu te préoccupes de ce qui est convenable et de ce qui ne l'est pas ?",95,Ariane (Denicourt),,
00:40:31,00:40:36,"On a eu une conversation bizarre tout à l'heure, je t'expliquerai.",66,Carlo (Beauvois),,
00:40:34,00:40:37,C'est toi qui est bizarre aujourdhui.,37,Ariane (Denicourt),,
00:40:39,00:40:41,Où est M. Filippi ? M. Filippi ?,32,Sonia (Bacall),,
00:40:43,00:41:05,"J'arrive ! Pardon ? Oui, plutôt confiant, énorme besoin d'argent. Oh il peut pas refuser une proposition que nous lui faisons. entendu, je vous rappelle. Sonia ! Vous êtes resplandissante mais je vous abandonne, je dois rejoindre notre ami, nous avons à parler affaires.",270,Filippi (Zéro),,
00:41:03,00:41:09,"Oh, non, non, non, montez donc avec moi et laissez Alexandre à ses femmes.",74,Sonia (Bacall),,
00:41:17,00:41:20,On dirait bien que l'orage est pas loin,39,Lucien,,
00:41:19,00:41:21,De toute façon tu nous suis.,28,Alexandre (Delon),,
00:43:19,00:43:19,Ah,2,Sonia (Bacall),"musique 'lawrence d'Arabie""",
00:43:23,00:43:25,C'était bien ton histoire de,28,Ariane (Denicourt),,
00:43:26,00:43:33,"Ourf, c'est ce Filippi qui est très bien ! C'est tellement gentil d'être venu jusqu'ici !",89,Alexandre (Delon),,
00:43:32,00:43:33,"Dis moi, Carlo,",15,Alexandre (Delon),,
00:43:35,00:43:35,Oui,3,Ariane (Denicourt),,
00:43:36,00:43:38,Je le trouve bizarre ces temps-ci.,34,Alexandre (Delon),,
00:43:38,00:43:40,Ha ha ha. Ah oui c'est vrai !,29,Ariane (Denicourt),,
00:43:41,00:43:43,Si tu l'avais vu au village.,28,Alexandre (Delon),,
00:43:43,00:43:43,Quoi ?,6,Ariane (Denicourt),,
00:43:44,00:43:48,"Remarque, ah, non, il à l'air heureux. Regarde le !",51,Alexandre (Delon),,
00:43:51,00:43:53,Depuis quand êtes-vous son amant ?,34,Laure (Dombasle),,
00:43:52,00:43:52,Pardon ?,8,Carlo (Beauvois),,
00:43:54,00:43:59,Vous êtes l'amant d'Ariane alors je me demande depuis quand ?,61,Laure (Dombasle),,
00:43:56,00:43:59,Bah vous au moins vous allez droit au but.,42,Carlo (Beauvois),,
00:43:59,00:44:02,"Et lui, est-ce qu'il n'est pas jaloux ?",39,Laure (Dombasle),,
00:44:02,00:44:04,"Oh lui, on peut jamais savoir !",31,Carlo (Beauvois),,
00:44:06,00:44:14,"Par contre personnellement, rassurez-vous je ne suis pas le genre de type à se contenter d'une femme.",101,Carlo (Beauvois),,
00:44:21,00:44:23,C'est vraiment un pays sublime !,32,Alexandre (Delon),,
00:44:23,00:44:30,"Pff, oui enfin c'est complètement idiot, nous allons dans le sens inverse de nos invités.",89,Ariane (Denicourt),,
00:44:26,00:44:39,"Question de courant, combien de fois devrais-je te dire que tout le principe est là : que monter, descendre, ces machines ne peuvent aller ni à gauche ni à droite.",163,Alexandre (Delon),,
00:44:42,00:44:49,Oui mais enfin on ne peu pas non plus laisser nos invités partir comme ça n'importe où !,88,Ariane (Denicourt),,
00:44:46,00:44:52,"Fais pas ta mauvaise tête, regarde comme on est bien, on plane, on plane !",74,Alexandre (Delon),,
00:44:50,00:45:00,"Bon arrête, tout ça ne m'amuse pas du tout. Oh et puis j'en ai assez, t'embête tout le monde avec tes ballons, rentrons maintenant !",132,Ariane (Denicourt),,
00:44:56,00:45:01,Pas Carlo en tout cas ! Ah ! Il a l'air de beaucoup s'amuser !,62,Alexandre (Delon),,
00:44:59,00:45:03,Oh mais tu ne sens pas que l'orage est en train d'arriver !,59,Ariane (Denicourt),,
00:45:06,00:45:21,"Bon…[Message en espagnol mobile uno aora vahamos mobile uno aora vahamos XXX] Et toi Lucien, prépare les voitures, j'ai l'impression qu'il va encore falloir aller repêcher ce con de Carlo.",188,Alexandre (Delon),,
00:46:33,00:46:39,"J'aime bien quand la terre bouge mais quand c'est le ciel, j'aime beaucoup moins !",82,Carlo (Beauvois),,
00:46:37,00:47:19,"Moi ça me plait ! Je pense à Filippi il doit être dans un état ! ""Allô Paris, ici Raoul, vérifiez d'urgence le contrat d'assurance. Est-ce qu'on est couverts si l'actrice s'écras en montgolfière ? Hein ? Y'a pas de montgolfière dans le film, y'en a chez l'écrivain. Ah et puis j'oubliais, envoyez des fleurs aux 6 actrices les plus côtées de l'agence. Mais débrouillez vous mon vieux, des roses blanches, beaucoup ! Avec un mot à chacune pour lui dire que j'ai le rôle de sa vie."" Ah ah. Oui c'est ça Filippi !",510,Laure (Dombasle),,
00:47:15,00:47:18,J'ai pas envie de marcher on va l'attendre ici ?,48,Carlo (Beauvois),,
00:47:27,00:47:35,Vous saviez qu'à Naples autrefois on utilisait des vieilles laves pour fabriquer des filtres d'amour.,101,Carlo (Beauvois),,
00:47:32,00:47:35,Et bien sûr ça marchait à tous les coups ?!,43,Laure (Dombasle),,
00:47:34,00:47:35,Il semble que oui.,18,Carlo (Beauvois),,
00:47:36,00:47:40,"Vous les aimez vraiment hein, vos tremblements de terre ?",57,Laure (Dombasle),,
00:47:39,00:47:40,C'est ma vie.,13,Carlo (Beauvois),,
00:47:40,00:47:42,Et quand la terre ne tremble pas ?,34,Laure (Dombasle),,
00:47:42,00:47:53,"Elle tremble tout le temps. Tout tremble tout le temps : la terre, les peuples, les hommes, les sentiments, toi aussi tu trembles un peu.",137,Carlo (Beauvois),,
00:47:53,00:47:55,Tiens les v'là ! Ils sont en bas.,33,Alexandre (Delon),,
00:47:55,00:47:58,"Mais qu'est-ce qui vous prend, vous êtes fou !",46,Laure (Dombasle),,
00:48:02,00:48:03,Laissez-moi tranquille !,24,Laure (Dombasle),bruits de vagues couvrant les voix,
00:48:23,00:48:24,Je ne vous plais pas ?,22,Carlo (Beauvois),,
00:48:26,00:48:35,"Ah, écoutez je vous en prie, il fait froid, la nuit va tomber, on est perdus loin de tout…tout ça est absurde ! Pff",115,Laure (Dombasle),,
00:48:47,00:48:49,Arrête tu m'énerves ! [XXX],27,Cristobal,,
00:49:07,00:49:10,"Allez vous en faites pas, je dirais rien",40,Laure (Dombasle),,
00:49:15,00:49:22,"Tu vas m'aider tu vas la prendre dans l'autre voiture, la mienne est une vraie passoire.",88,Alexandre (Delon),,
00:49:20,00:49:24,"Dépêchez-vous, c'est un temps à prendre un coup de foudre !",59,Alexandre (Delon),,
00:49:42,00:49:49,"Tiens, ça te fera du bien. J'a toujours pensé que la fin du monde commencerait par un orage.",92,Alexandre (Delon),,
00:49:48,00:49:53,"Ah ça, on n'a jamais eu la même idée de la fin du monde vous et moi.",68,Carlo (Beauvois),,
00:49:51,00:50:02,"Quand j'ai débarqué ici je me disais, ah c'est tellement loin de tout que même l'apocalypse mettra du temps à arriver. J'en suis plus si sûr là.",144,Alexandre (Delon),,
00:50:03,00:50:04,Alors l'actrice ?,17,Alexandre (Delon),,
00:50:07,00:50:17,"Mouais classique, dès qu'on s'est retrouvés seuls le grand jeu, les petites mines. Enfin, je vais pas vous apprendre ça à vous.",127,Carlo (Beauvois),,
00:50:14,00:50:14,Et alors ?,10,Alexandre (Delon),coups de klaxons,
00:50:17,00:50:30,"Alors cette fille c'est vraiment pas croyable, elle s'est jetée sur moi, carrément. Et c'est juste au moment où vous vous êtes pointés. Ca l'a un peu refroidie.",160,Carlo (Beauvois),,
00:50:32,00:50:34,Dégagez-moi ça ! Dégagez-moi ça !,33,Lucien,,
00:50:47,00:50:59,"Like the drip drip drip of the rain drops, when the summer shower is through, and a voice within me keeps repeating you, you, you. Night and day…",145,Sonia (Bacall),,
00:51:06,00:51:07,"Ah, les voilà !",15,Filippi (Zéro),,
00:51:09,00:51:11,Je vous les ramène ! Sains et saufs.,36,Alexandre (Delon),,
00:51:16,00:51:18,Il pleut tant que ça vraiment ?,31,Ariane (Denicourt),,
00:51:20,00:51:23,Moi j'espère qu'un jour tu auras le [XXX],41,Cristobal,,
00:51:23,00:51:25,Plus tard Filippi plus tard !,29,Alexandre (Delon),,
00:51:26,00:51:37,Encore 5 minutes et j'envoyais un fax à Paris pour vous faire remplacer ! Parce que des comme vous j'en ai 550 à la porte du bureau !,133,Filippi (Zéro),,
00:51:32,00:51:37,Celui -là il a pas encore compris qu'on n'avait même pas le téléphone.,70,Lucien,les voix se chevauchent,
00:51:34,00:51:37,Je vous dis que le ballon s'est écrasé,38,Laure (Dombasle),les voix se chevauchent,
00:51:37,00:51:38,Toi tu me dégoutes !,20,Lucien,,
00:51:37,00:51:39,Qu'est ce qu'il te prend ?,26,Norma,,
00:51:39,00:51:42,Elle s'est jétée sur lui sous nos yeux !,40,Lucien,,
00:51:48,00:51:52,"La guêpe, maintenant l'orage, dites moi vous êtes gâté.",55,Ariane (Denicourt),,
00:51:55,00:52:05,"Vous êtes restés un temps fou sur cette plage, c'était comment ? Toi si je ne te méprisais pas je te ferais chasser par mon mari !",130,Ariane (Denicourt),,
00:52:04,00:52:10,J'imagine que vous savez tout sur les vieilles laves et les filtres d'amour.,76,Ariane (Denicourt),,
00:52:16,00:52:18,Tenez je vous rends ceci.,25,Laure (Dombasle),,
00:52:18,00:52:26,"Ces vagues, ce vent, c'était en effet très impressionant. Mais je dois dire que Carlo a été très courageux.",107,Laure (Dombasle),les voix se chevauchent,
00:52:23,00:52:26,Elle s'est envoyée en l'air avec Carlo,38,Lucien,les voix se chevauchent,
00:52:24,00:52:24,Très galant.,12,Laure (Dombasle),les voix se chevauchent,
00:52:25,00:52:26,Cette salope.,13,Lucien,les voix se chevauchent,
00:52:32,00:52:35,Elle s'est jeté à son cou dans une grotte.,42,Norma,,
00:52:37,00:52:41,Carlo m'a tout dit vous êtes quand même très extravagante.,58,Alexandre (Delon),,
00:52:39,00:52:42,"Oh, je vous en prie n'en parlons pas.",37,Laure (Dombasle),,
00:52:41,00:52:46,"Mais si si au contraire, moi j'aime les femmes qui ont du tempérament.",70,Alexandre (Delon),,
00:52:43,00:52:47,"Oui, mais là c'était trop, j'aurai pu être plus mesurée.",56,Laure (Dombasle),,
00:52:48,00:53:01,"C'est très audacieux au contraire. Mathilde faisait des choses comme ça. D'ailleurs je vais vous faire une confidence, c'est une scène qui a failli être dans le roman.",167,Alexandre (Delon),,
00:52:57,00:52:59,Je crois que ça commence à marcher !,36,Filippi (Zéro),,
00:52:59,00:53:02,Excusez-moi vous dites n'importe quoi !,39,Sonia (Bacall),,
00:53:01,00:53:07,"Et bien si cette mésaventure me rapproche de Mathilde, voilà qui me console.",76,Laure (Dombasle),,
00:53:04,00:53:10,"Ne parlez pas déjà de consolation je connais Carlo, ce soir ce sera un autre homme.",83,Alexandre (Delon),,
00:53:09,00:53:09,Tant mieux !,12,Laure (Dombasle),,
00:53:10,00:53:12,Ca vous fait si plaisir que ça ?,32,Alexandre (Delon),,
00:53:12,00:53:18,"Venez, on va vous faire couler un bain. Vous avez besoin de vous rechauffer.",76,Ariane (Denicourt),,
00:53:20,00:53:26,"[XXX] avait raison, elle s'est jetée à son cou, ce soir elle sera dans son lit.",79,Alexandre (Delon),,
00:53:22,00:53:26,Et bien t'es content t'as enfin le sujet de ton roman.,54,Ariane (Denicourt),,
00:54:18,00:54:24,"Vampe, sexe, petite fille, hein d'après vous de quelle femme il a envie ce soir ?",81,Ariane (Denicourt),,
00:54:30,00:54:33,Alors comme ça vous avez couché avec lui.,41,Ariane (Denicourt),,
00:54:33,00:54:33,Qui lui ?,9,Laure (Dombasle),,
00:54:34,00:54:34,Bah Carlo.,10,Ariane (Denicourt),,
00:54:36,00:54:44,"Vous croyez que j'ai pas compris ? Les filtres d'amour, les rires dans la montgolfière, la plage, la pluie.",107,Ariane (Denicourt),,
00:54:43,00:54:44,"Ah, mais c'est absurde !",24,Laure (Dombasle),,
00:54:48,00:54:50,Je vous interdis de rire !,26,Ariane (Denicourt),,
00:54:50,00:54:56,"Enfin si je suis ici, c'est, c'est pour le film, le reste, je me fiche du reste.",80,Laure (Dombasle),,
00:54:54,00:55:09,"Moi je me fiche de votre film, elle a assez gâché ma vie comme ça votre Mathilde. Maintenant ce que je veux c'est Carlo et je vous préviens si vous en approchez encore, je vous tue.",181,Ariane (Denicourt),,
00:55:02,00:55:06,"C'est ridicule, là on est vraiment en plein malentendu !",56,Laure (Dombasle),Les 2 actrices s'échangent des gifles,
00:55:06,00:55:12,Il y a jamais eu de malentendu et je sais très bien ce que vous avez dans la tête.,82,Ariane (Denicourt),,
00:55:13,00:55:24,"Prenez Alexandre, il est seul, il est malheureux. Mais laissez Carlo tranquille de toute façon il peut pas aimer une fille comme vous.",134,Ariane (Denicourt),,
00:55:22,00:55:23,Si vous saviez.,15,Laure (Dombasle),,
00:55:55,00:55:59,Cher ami est-ce que je vous ai dit pour votre rôle ?,52,Filippi (Zéro),,
00:55:57,00:55:59,C'est pas le moment Filippi.,28,Alexandre (Delon),,
00:55:59,00:56:09,"On cherche une tête nouvelle, une belle petite gueule mais qui aurait pas encore servi. Votre genre quoi mais il y a 30 ans.",124,Filippi (Zéro),,
00:56:04,00:56:07,Je vous dis c'est pas le moment Filippi.,40,Alexandre (Delon),,
00:56:06,00:56:13,"Et la presse, vous avez vu la presse ? L'ancien révolutionnaire, l'ami personnel d'Ho Chi Minh…",95,Filippi (Zéro),,
00:56:10,00:56:13,Je vous dis c'est pas le moment Filippi !,41,Alexandre (Delon),,
00:56:13,00:56:15,…accepte de porter au cinéma…,29,Filippi (Zéro),,
00:56:14,00:56:15,Laisse tomber !,15,Cristobal,,
00:56:16,00:56:26,"Merde, franchement je comprends rien à ce type et ça se gâte là, faites quelque chose. En plus l'Amerloque est contre nous.",123,Filippi (Zéro),,
00:56:22,00:56:30,"Vos ruses, vos stratégies, vous êtes complètement à côté de la plaque. Vous sentez pas l'atmosphère ?",101,Laure (Dombasle),,
00:56:26,00:56:30,"Attendez, j'ai une idée, remettez la robe du déjeûner.",54,Filippi (Zéro),,
00:56:29,00:56:36,"Le bikini jaune ? La robe du déjeûner, mais écoutez c'est grotesque tout ça ! Puis quoi encore ?",96,Laure (Dombasle),,
00:56:33,00:56:41,"Mais c'est écrit dans le livre. Et au déjeûner, je suis désolé il a flashé, il était comme un fou !",99,Filippi (Zéro),,
00:56:38,00:56:51,"Je vous signale que les Aztèques pouvaient prévoir les éclipses, les tremblements de terre et les chagrins d'amour. C'était pas leur métier, je bois aux Aztèques.",162,Alexandre (Delon),,
00:56:50,00:56:56,"Vous avez raison, d'autant que ça n'était pas des savants, c'était des poètes.",78,Filippi (Zéro),,
00:56:55,00:56:56,Je bois à la poésie !,21,Alexandre (Delon),,
00:56:58,00:57:03,Je crois que nos amis s'ennuient. On devrait organiser quelque chose.,69,Sonia (Bacall),,
00:57:06,00:57:14,Je ne supporte pas que mes amis s'ennuient. Je bois à l'amitié. D'ailleurs tout le monde s'ennuie pas ici.,106,Alexandre (Delon),,
00:57:23,00:57:24,Je vous en prie.,16,Sonia (Bacall),,
00:57:25,00:57:49,"Comment ? Vous sentez pas ces vibrations, ces émotions ? Ces petits cœurs qui s'affolent ? Ces sensations ? Ces filtres d'amour ? Je bois à l'amour. Puis, Puisque ça à l'air d'être le jour, je vais faire une déclaration. Arianne viens ici, t'es ma femme après tout. Allons y'a pas de raison.",291,Alexandre (Delon),,
00:58:03,00:58:03,Arrête.,7,Ariane (Denicourt),,
00:58:05,00:58:06,Je bois à ma femme.,19,Alexandre (Delon),,
00:58:08,00:58:08,Arrête.,7,Ariane (Denicourt),,
00:58:14,00:58:17,"Arrête je t'ai dit, je déteste danser.",38,Ariane (Denicourt),,
00:58:17,00:58:19,Mais tu aimais autrefois !,26,Alexandre (Delon),,
00:58:31,00:58:42,Mais qu'est-ce que je t'ai fait à la fin ? Qu'est-ce que tu veux ? Est-ce que c'est de ma faute à moi si tu veux plus écrire ? C'est ma faute ?,143,Ariane (Denicourt),,
00:58:42,00:58:42,Laisse-moi !,12,Ariane (Denicourt),,
00:58:43,00:58:44,De ta faute !,13,Alexandre (Delon),,
00:58:44,00:58:44,Laisse-moi !,12,Ariane (Denicourt),,
00:58:55,00:58:56,De ta faute !,13,Alexandre (Delon),,
00:58:46,00:58:46,Laisse-moi !,12,Ariane (Denicourt),,
00:58:50,00:58:50,Argh ! Ah,9,Alexandre (Delon),,
00:59:23,00:59:25,Por favor ! La [XXX] al es dies.,32,Norma,,
01:00:06,01:00:09,Touche pas ça petit ! Tu pourrais te faire mal !,48,Cristobal,,
01:00:09,01:00:12,"J'ai pas besoin de ça moi, moi je bande !",41,Carlo (Beauvois),,
01:00:16,01:00:21,Mais vous pleurez. Mais je vous avais dit. N'entrez pas dans son jeu.,69,Laure (Dombasle),,
01:00:57,01:01:00,Ce soir je dormirai pas sur mon bateau !,40,Cristobal,,
01:01:00,01:01:00,Parce que ?,11,Lucien,,
01:01:01,01:01:09,"Parce que c'est la pleine lune ! Et que Cristobal, il dort jamais sur un bateau les nuits de pleine lune.",105,Cristobal,,
01:01:09,01:01:13,"Ah, mais tu te crois déjà à la première du film ?",49,Cristobal,,
01:01:12,01:01:14,"Ah la première, vous verrez !",29,Filippi (Zéro),,
01:01:16,01:01:19,"C'est bon Filippi, gagnons du temps !",37,Alexandre (Delon),,
01:01:18,01:01:20,J'allais vous le proposer.,26,Filippi (Zéro),,
01:01:20,01:01:22,Votre film j'en veux pas.,25,Alexandre (Delon),,
01:01:23,01:01:23,Quoi ?,6,Filippi (Zéro),,
01:01:24,01:01:27,"Vous m'avez entendu, je ne signe pas.",37,Alexandre (Delon),,
01:01:26,01:01:32,"Bah, je ne vous comprends plus. Vous disiez que vous hésitiez mais de là à…",75,Filippi (Zéro),,
01:01:30,01:01:32,Oh c'est pourtant simple !,26,Alexandre (Delon),,
01:01:31,01:01:32,…ne pas signer.,15,Filippi (Zéro),,
01:01:33,01:01:50,"Vous avez failli me convaincre, ce roman qu'il fallait ne pas souiller, cette petite parcelle d'innocence que je voulais préserver. Vous aviez raison, ça n'allait pas loin, surtout quand on a besoin d'argent.",208,Alexandre (Delon),,
01:01:46,01:01:46,"Ah, alors ?",11,Filippi (Zéro),,
01:01:48,01:01:58,"Alors, il s'est passé quelque chose cet après-midi, un truc tout bête. Dis donc, c'est intéressant ton histoire de pleine lune.",127,Alexandre (Delon),,
01:02:02,01:02:07,"En effet, c'est très intéressant mais j'aimerais quand même savoir moi…",71,Filippi (Zéro),,
01:02:04,01:02:19,"Ce qu'il s'est passé cet après-midi, oh c'est tout simple. Je suis allé récupérer sur une plage déserte une fille et un type qui avaient 30 ans de moins que moi. C'est tout bête hein.",183,Alexandre (Delon),,
01:02:22,01:02:28,"Arrête avec ça ! Je suis sûre qu'elle a pas couché avec lui, pas vrai Lucien ?",78,Cristobal,,
01:02:27,01:02:35,De t'façon ce serait pas la première fois qu'on aurait un petit con dans les pâtes pour nous emmerder.,102,Lucien,,
01:02:32,01:02:35,Masse-moi les épaules Lucien je suis fatigué.,45,Alexandre (Delon),,
01:02:36,01:02:58,"Je vais vous dire, ce qui me plaisait dans votre affaire, c'est que vous m'offriez de revivre ma jeunesse et de faire comme si tout pouvait recommencer. Tout. L'amour, les livres, l'argent, la gloire, la vie quoi. Et ce que j'ai compris, c'est que ça marche pas comme ça.",271,Alexandre (Delon),,
01:03:01,01:03:14,"Oh mais si c'est ça, ça peut s'arranger. Laure est possédée vous m'entendez, possédée par le personnage, donc par vous. Et pourtant, ça me fait plaisir qu'à moitié.",164,Laure (Dombasle),,
01:03:14,01:03:48,"Il s'agit pas de ça Filippi, j'ai juste compris et ça vous n'y pouvez rien, qu'on peut pas improviser sa propre résurection. Quand c'est fini, c'est fini. Il y a même un peu d'obscénité à réclamer une rallonge. Alors vous voulez faire un film sur l'histoire de ma vie ? C'est pas la peine, ils le font là-bas eux le film les soirs de pleine lune. Ils ont des acteurs épatants. Et il parait que le scénario tient de coup.",420,Alexandre (Delon),,
01:03:57,01:03:57,-,1,,interlude musical : flûte de pan et mec tout nu,
01:06:22,01:06:24,Tu sais ce qui te ferait du bien ?,34,Cristobal,,
01:06:25,01:06:27,Rien ne me ferait du bien.,26,Alexandre (Delon),,
01:06:27,01:06:28,Pourquoi tu dis ça ?,20,Cristobal,,
01:06:31,01:06:33,Parce que je suis déjà mort,27,Alexandre (Delon),,
01:06:32,01:06:34,Qu'est-ce que tu racontes ?,27,Cristobal,,
01:06:38,01:07:02,"Tu sais Cristobal, les écrivains, ils meurent pas comme tout le monde. Parfois, ils meurent trop tôt, parfois ils meurent juste à l'heure. Après s'être trainé jusqu'à la dernière ligne, de la dernière page, de leur dernier bouquin. Et puis ils crèvent juste à l'instant où ils n'ont plus rien à dire.",300,Alexandre (Delon),,
01:07:05,01:07:06,Ca c'est [XXX],14,Cristobal,,
01:07:08,01:07:29,"Et puis il y a les autres, la plupart, ça fait semblant de vivre, 5, 10 ans de plus. Ca écrit plus une ligne, ça tire sur ses souvenirs comme un vieux compte en banque, jusqu'à ce qu'ils s'aperçoivent que c'est la source qui est tarie, complètement à sec.",255,Alexandre (Delon),,
01:07:31,01:07:32,"Allez, bois un coup.",20,Cristobal,,
01:07:39,01:07:42,Pourquoi il est toujours là celui-là ?,38,Cristobal,,
01:07:42,01:07:45,"Si je te dérange, tu peux t'en aller.",37,Carlo (Beauvois),,
01:07:46,01:07:49,"T'inquiète pas petit, je m'en vais demain matin.",48,Cristobal,,
01:07:50,01:07:52,"Demain matin, tu es sûr ?",25,Carlo (Beauvois),,
01:07:53,01:08:06,"Et oui petit, j'en suis sûr mais tu sais ce qui me ferait plaisir tu vois, ce serait quand même de te casser la gueule une fois avant de partir. Tu veux bien ?",159,Cristobal,,
01:08:08,01:08:21,"Cristobal, on va la jouer autrement. Ca fait des mois que j'ai plus boxé ça va me détendre. Ca te dirait de faire un round, juste pour rire comme ça ? Je tapperai pas.",167,Alexandre (Delon),,
01:08:22,01:08:24,Dans l'état où vous êtes ?,26,Carlo (Beauvois),,
01:08:28,01:08:35,"Ca fait 30 ans que je m'entraîne et toi t'as jamai mis les gants, alors tu vois, on est quitte.",95,Alexandre (Delon),,
01:08:37,01:08:41,Fais comme d'habitude ! Et préviens tout le monde !,51,Alexandre (Delon),,
01:09:03,01:09:11,Vous avez vu ? Il a donné à Carlo les gants que je lui ai offerts. Comment est-ce que je dois le prendre ?,106,Filippi (Zéro),"bruits de gants, combat de boxe",
01:09:17,01:09:18,Ca vous excite ?,16,Ariane (Denicourt),,
01:10:13,01:10:13,-,1,,"bruits de gants, combat de boxe",la réal passe en vue à la première personne.
01:10:51,01:10:52,Je vous fais pitié ?,20,Alexandre (Delon),,
01:10:52,01:10:52,Mais non,8,Laure (Dombasle),,
01:10:53,01:10:53,"Oh, ah, ah",10,Alexandre (Delon),,
01:11:21,01:11:36,Tout ça n'est plus de votre âge ! Ah je me souviens quand vous aviez cassé la gueule de ce type qui avait écrit que vous aviez du style mais pas de couilles ! Ca se passait où déjà ?,182,Lucien,,
01:11:30,01:11:30,"Paris, 1975",11,Alexandre (Delon),,"Mais que fait-il dans le bureau d'Alexandre, il dit au début du film que personne ne rentre jamais ! Et là il lui plie son pantalon ?"
01:11:34,01:13:01,"Rue du bac, oui. 2 directs, han han. Ah du vrai travail de champion, hein ? Il y a plus eu un critique pour oser dire un mot de travers sur vos états de service. C'était le bon temps ! Comme il y a 10 ans. Juste avant notre départ quand vous aviez démoli ce merdeux qui avait lâché sur un plateau de TV que si vous changiez tout le temps de femme c'est que vous écriviez plus vos livres. Bah faut vous y faire hein, tout ça c'est du passé, vous n'avez plus le souffle ni les jambes. Comme pour le reste au fond. De vous à moi, pourquoi est-ce qu'on est partis hein ? Bon, je connais la version officielle : le grand écrivain se retire, il prend congé du monde, il part écrire son chef d'oeuvre les yeux fixés sur l'éternité. Mais la vérité c'est que vous sentiez bien que la saison était finie, fallait passer la main. C'est déjà beau d'avoir tenu 30 ans. Et même 40 si on compte votre première période quand vous faisiez correspondant de guerre. Regardez, moi, j'ai même pas eu de saison du tout, toujours dans votre ombre. Est-ce que je m'en plains ?",1052,Lucien,,
01:12:41,01:12:44,"T'écris pas mal toi non plus, t'avais du talent.",48,Alexandre (Delon),,
01:12:44,01:13:29,"Peut être, mais maintenant voyez où j'en suis, secrétaire d'un écrivain qui écrit pas. Condamné à classer des vieux papiers, à trier du courier qui arrive plus. Encore un peu quand on n'aura plus d'argent pour payer Pépé c'est moi qui devrait repasser vos chemises, alors tout ça pour dire que j'ai qu'un conseil à vous donner : rideau, extinction des feux, on arrête de croire qu'on pourrait résusciter. Alors maintenant il y a cette histoire de film. Qu'est-ce que vous allez faire dans cette galère à jouer avec vos souvenirs ou avec des actrices.",550,Lucien,,
01:13:25,01:13:28,"Oh, bah les femmes c'est pas ton truc.",38,Alexandre (Delon),,
01:13:28,01:14:02,"Cette fille, elle vous fait battre le cœur, j'ai bien vu. Mais elle est là pour quoi ? Elle vient renifler l'animal, empocher sa part de légende, parce que ça serait pas mal d'avoir été la dernière femme qui ait fait bander Alexandre. Et puis elle partira, parce qu'il faut pas trop en demander et qu'il y a pas une femme au monde qui viendrait s'enterrer ici entre vous et moi, humm ? Vous avez déjà perdu Arianne.",415,Lucien,,
01:13:56,01:13:58,J'ai tout fait pour tu le sais bien.,36,Alexandre (Delon),,
01:13:58,01:14:21,"Ouais, mais supposez que l'actrice se tire aussi quand elle aura compris qu'on pue la mort. On se retrouvera tous les deux, comme des cons dans ce pays de sauvages où ça tremble de partout. Tiens, je parle comme Carlo maintenant. Mais là-dessus remarquez il a pas tort et on n'y peut rien.",289,Lucien,,
01:14:16,01:14:34,"C'est vrai Lucien sauf que cette femme là tu vois c'est autre chose que toutes les petites qui m'ont tournées autour pour que je les mette dans un roman, je l'ai compris tout de suite, dès que je l'ai vue, ça m'a fait peur.",223,Alexandre (Delon),,
01:14:27,01:14:29,Vous rêvez mais si ça vous arrange.,35,Lucien,,
01:14:29,01:14:38,"Non, cette fille c'est pas seulement l'actrice qui va jouer Mathilde, c'est son modèle tu comprends ? Son modèle.",113,Alexandre (Delon),,
01:14:35,01:14:42,"Ah, arrêtez avec votre Mathilde, depuis qu'on se connait vous me gonflez avec cette salope.",91,Lucien,,
01:14:40,01:15:18,"Même toi tu sais pas qui était la vraie Mathilde, elle m'a fait souffrir comme un damné. Je me rends compte aujourd'hui qu'elle n'était le brouillon de cette femme que j'ai vue ce matin pour la première fois et que j'ai l'impression de connaitre depuis toujours. Son regard tout à l'heure après ce match ridicule, sa façon de sortir de l'eau, ses mains, cette [XXX] quand après le déjeûner devant tout le monde elle a inventé cette histoire de piqûre de guêpe.",460,Alexandre (Delon),,
01:15:15,01:15:17,T'es toujours là Lucien ?,25,Alexandre (Delon),,
01:15:18,01:15:18,Oui.,4,Lucien,,
01:15:22,01:15:23,Donne-moi une cigarette.,24,Alexandre (Delon),,
01:15:32,01:15:33,Tu étais là toi aussi ?,23,Alexandre (Delon),,
01:15:56,01:16:04,"Besame, besame mucho, como si fuera ésta noche la ùltima vez, besame, besame mucho, que tengo miedo...",102,Cristobal,,
01:17:05,01:17:05,-,1,,interlude musical : piano,mais d'où vient la lumière cette ombre est impossible !
01:18:11,01:18:15,"Tais-toi tais-toi tais-toi tais-toi, je réfléchis.",50,Carlo (Beauvois),,
01:18:18,01:18:25,"Tu t'en fais pas mon chéri, c'est Alexandre qui se met toujours dans des situations absurdes.",93,Ariane (Denicourt),,
01:18:25,01:18:25,Laisse-moi.,11,Carlo (Beauvois),,
01:18:26,01:18:37,"C'est parce que tu crois que tu vas devoir partir c'est ça ? Et que tu pourras plus revenir, et ça te fais souffrir. Mais je pars avec toi.",139,Ariane (Denicourt),,
01:18:32,01:18:33,Fous moi le camps !,19,Carlo (Beauvois),,
01:18:36,01:18:38,Mais qu'est-ce qui va pas ?,27,Ariane (Denicourt),,
01:18:38,01:18:46,"Rien ! J'en ai rien à foutre de ce match de boxe, j'en ai rien à foutre de ton mari, laisse-moi !",97,Carlo (Beauvois),,
01:18:46,01:18:46,Et moi ?,8,Ariane (Denicourt),,
01:18:47,01:18:51,Et moi ? Et moi si je ? T'as vraiment rien compris.,51,Carlo (Beauvois),,
01:18:57,01:18:58,Tu m'a jamais aimée ?,21,Ariane (Denicourt),,
01:18:58,01:19:04,"Si peut-être, au début, quand vous veniez d'arriver. Il faisait si beau.",72,Carlo (Beauvois),,
01:19:09,01:19:11,Alors qu'est-ce que tu veux ?,29,Ariane (Denicourt),,
01:19:10,01:19:26,"Rien ! Je sais même plus qui je suis, je sais même plus ce que je dois faire. Vous avez fait de moi un révolutionnaire de salon, un pantin grotesque. Tu crois qu'ils le savent pas les autres ?",192,Carlo (Beauvois),,
01:19:32,01:19:32,Mon chéri.,10,Ariane (Denicourt),,
01:19:33,01:19:42,"Ne m'appelle pas ""mon chéri"" ! Tu me fais pitié, pitié avec tes, tes fringues à la con quand tu fais du ballon .",112,Carlo (Beauvois),,
01:19:45,01:19:45,Mais !,6,Ariane (Denicourt),,
01:19:46,01:19:53,Tu fais pitié quand tu fais semblant de jouir ! Tu fais pitié avec tes surprises grotesques !,93,Carlo (Beauvois),,
01:19:51,01:19:51,Tais-toi !,10,Ariane (Denicourt),,
01:19:52,01:19:53,Tu me fais pitié !,18,Carlo (Beauvois),,
01:20:06,01:20:16,Qu'est-ce que je fais maintenant hein ? Qu'est-ce que tu crois que je dois faire ? C'est plus ton problème. Comme un rat !,122,Carlo (Beauvois),,
01:20:14,01:20:30,"Tu sais pourquoi j'ai choisi ce coin du Mexique ? Parce qu'il y a ici une tribu d'Indiens qui croit que chaque homme nait 2 fois dans une même vie. Et que sa vraie naissance, c'est la seconde.",192,Alexandre (Delon),,
01:20:30,01:20:31,J'aime cette idée.,18,Laure (Dombasle),,
01:20:34,01:20:42,"Alors tu vois, voilà , tu es venue et puis les vieux Indiens avaient raison, mais quel temps perdu.",99,Alexandre (Delon),,
01:20:48,01:20:53,"C'est ma faute, j'aurai dû venir plus tôt, j'en avais envie tu sais ?",69,Laure (Dombasle),,
01:20:56,01:21:17,C'est pas grave. C'est pas grave puisque je vais les écrire maintenant tous ces livres qui m'échappaient comme du sable entre les doigts. C'est étrange n'est-ce pas ? Tu étais venue pour faire revivre mon premier roman et peut-être que tu vas inspirer le dernier.,263,Alexandre (Delon),,
01:21:27,01:21:28,A quoi tu penses ?,18,Alexandre (Delon),,
01:21:31,01:21:39,Je pense à une jeune fille qui vient tout juste d'avoir 20 ans et qui a décroché son numéro au théâtre.,103,Laure (Dombasle),,
01:21:41,01:21:41,Et alors ?,10,Alexandre (Delon),,
01:21:48,01:22:40,"Alors, un soir après le spectacle, un écrivain célèbre vient dans les coulisses, il est entouré de sa cour, les photographes le mitraillent. Il distribue ses compliments, chacun les reçoit comme une bénédiction et quand il arrive près de la jeune actrice, il la regarde bizarrement, elle se trouble, elle rougit, il ne lui demande même pas son nom et juste avant de s'en aller il lui donne le stylo avec lequel il signait les autographes. ""Tenez"" lui di-il, c'est avec ça que j'écrivais sous les bombes à Hanoï. Le lendemain, je lis dans le journal que tu en avais tout un stock, que tu les distribuais dès qu'une fille te plaisait.",632,Laure (Dombasle),,
01:22:44,01:22:46,"Alors, je t'avais déjà vue.",27,Alexandre (Delon),,
01:22:46,01:22:59,"Tu as changé ma vie, ce stylo que tu donnais à tout le monde, il ne m'a jamais quitté ! Comme si il fallait qu'un jour je te rapporte en effet de quoi écrire.",158,Laure (Dombasle),,
01:23:09,01:23:10,Besame mucho,12,Sonia (Bacall),,
01:23:21,01:23:25,Vous partez vraiment demain ? Je dois faire votre valise ?,58,Norma,,
01:23:23,01:23:30,"Je dois partir et très tôt ! Cristobal en ce moment, il fait du business très spécial.",86,Cristobal,,
01:23:35,01:23:47,La promenade l'a fatigué M. Filippi . Il a besoin d'une bonne nuit ! Et votre projet qui sait ? Il y a beaucoup de choses qui peuvent se passer cette nuit.,155,Sonia (Bacall),,
01:23:47,01:23:55,"Sonia a raison, elle me connait bien. M. Filippi je suis venu vous dire que nous allons faire ce film.",102,Alexandre (Delon),,
01:23:58,01:24:02,"Ah, je vois que Laure vous a convaincu. Très bien.",50,Filippi (Zéro),,
01:24:02,01:24:05,"Et n'ayez crainte, je ne changerai plus d'avis.",47,Alexandre (Delon),,
01:24:13,01:24:20,"Mais c'est mon ami Carlo qui nous quitte ! Viens Carlo, viens, tu vas pas partir comme ça ?",91,Alexandre (Delon),,
01:24:22,01:24:53,"Tu vois t'as commis une erreur. Non, non c'est pas de m'avoir frappé tout à l'heure, j'avais bu. C'est pas de jouer les révolutionnaires en chambre avec des guérilleros de Carnaval . Les révolutions de [XXX] je connais ça mieux que toi, c'est plus compliqué que les machines à remonter le temps. C'est pas non plus de t'être incrusté ici depuis 5 ans et d'avoir couché avec ma femme.",383,Alexandre (Delon),,
01:24:49,01:24:50,Je vous permets pas,19,Carlo (Beauvois),,
01:24:50,01:25:04,"Tais-toi imbécile ! Vous êtiez pas des amants, vous êtiez mes marionettes, non, ce qui va pas c'est ce que tu as essayé de me faire croire tout à l'heure dans la voiture.",170,Alexandre (Delon),,
01:25:00,01:25:01,Je savais pas.,14,Carlo (Beauvois),,
01:25:01,01:25:15,"Je me fous d'ce que tu savais car cette saloperie là ce mensonge, cette façon de me faire croire que toi et Laure, hein, tu vois ça, j'ai pas envie de te le pardonner.",167,Alexandre (Delon),,
01:25:44,01:26:09,"Voilà un tremblement de terre que t'avais pas prévu mon pote. Et pis fallait pas m'prendre pour un con moi non plus, tu crois que je savais pas ce que tu complotais au village avec tes pistolleros et ta copine. Allez, il part à 6 heures son bateau, à 6 heures ! Cours vite leur dire ! T'en meurs d'envie !",305,Lucien,,
01:26:09,01:26:11,"C'est bien, on a gagné finalement.",34,Filippi (Zéro),,
01:26:11,01:26:13,"Oui, mais je vous demande pardon.",33,Laure (Dombasle),,
01:26:14,01:26:20,"Mais non, de toute façon j'ai jamais cru que vous puissiez aimer un type comme moi.",83,Filippi (Zéro),,
01:26:19,01:26:25,"Mais, oui, je me suis un peu servie de vous, ce film en fait, je m'en fichais.",78,Laure (Dombasle),,
01:26:29,01:26:34,"D'habitude c'est les producteurs qui se servent des actrices, mais là.",70,Filippi (Zéro),,
01:26:34,01:26:45,"Je vous aime beaucoup, j'oublierai jamais ce que vous avez fait pour moi. Non, jamais. Même si vous ne l'avez pas vraiment fait pour moi.",137,Laure (Dombasle),,
01:27:47,01:27:52,"C'est pas grave. C'est pas grave, ça arrive à tout le monde.",60,Norma,,
01:28:33,01:28:42,"C'est pas grave, hin hin hin, c'est pas grave, c'est pas grave, c'est pas grave, c'est pas grave, c'est pas grave !",115,Cristobal,,
01:29:20,01:29:42,"Allons faut se réveiller ! Oh ! Vous savez bien qu'Alexandre aime pas quand on vient dans son bureau. C'est peut-être pas mon truc les femmes mais je vois bien que la journée se présente mal pour vous. Plus d'Alexandre, plus de Carlo, pfft, euh, vous voulez un café ?",267,Lucien,bruits d'oiseaux,
01:30:15,01:30:16,"Carlo, Carlo.",13,Ariane (Denicourt),,
01:30:49,01:31:52,"Allons, ça n'a pas de sens. Tu te souviens de ce type que je t'avais présenté à Paris ? Il disait, ça t'avait fait rire, ""on se suicide toujours trop tard"". Qu'est-ce qu'il a bien pu devenir ? Je pense qu'il est mort dans son lit comme tout le monde. Ne pleure pas, tu y es pour rien. C'est moi qui me suis trompé il y a 10 ans en croyant qu'il y a toujours un moment où un écrivain doit se retirer, vivre sur ses réserves et écrire enfin le livre qui ne sortirait que de lui. Tout le malheur est venu de là. Je me suis retrouvé comme un poisson sur le sable et c'est ma pauvre chérie qui étouffait à ma place. Tu as fait ce que tu as pu. qu'est-ce qu'on peut faire quand on retrouve chaque matin un type qui va passer sa journée à vous reprocher sa déchéance ?",761,Alexandre (Delon),,
01:31:54,01:31:56,Tout ça n'a plus d'importance.,30,Ariane (Denicourt),,
01:31:56,01:32:08,"En tout cas t'inquiète pas, Laure va aller m'attendre quelques jours chez Cristobal. C'est Sonia qui y a tenu par égard pour toi, tu la connais.",144,Alexandre (Delon),,
01:32:06,01:32:07,Je m'inquiète pas.,18,Ariane (Denicourt),,
01:32:11,01:32:27,"Et puis après, je crois que je vais retourner à Paris, j'en ai besoin tout à coup. Cette fille, je t'expliquerai un jour. Il me reste quoi ? 10 ans, 5 ans ? J'ai envie de les passer avec elle.",192,Alexandre (Delon),,
01:32:36,01:32:39,Et moi ? Qu'est ce que je vais devenir ?,40,Ariane (Denicourt),,
01:32:39,01:32:47,"Tu veux que je te dise ? Carlo, dès que j'aurai quitté cette maison, je suis sûr qu'il reviendra.",97,Alexandre (Delon),,
01:32:43,01:32:43,Tu crois ?,10,Ariane (Denicourt),,
01:32:45,01:32:48,Ouais ! Dans un roman je le ferai revenir.,42,Alexandre (Delon),,
01:32:59,01:33:03,Madame Sonia a décidé. Madame Sonia a toujours décidé ici ?,59,Laure (Dombasle),,
01:33:12,01:33:16,Mais je reviendrai un jour. Me gusta tanto aqui !,49,Laure (Dombasle),,
01:34:31,01:34:36,"N'oublie pas quand tu lèves l'ancre, les 3 coups de pistolet !",62,Alexandre (Delon),,
01:34:34,01:34:41,"Et toi, Maestro, n'oublie pas de me répondre. Aujourd'hui c'est la fantasia d'enfer !",85,Cristobal,,
01:34:35,01:34:41,"Je vais prendre la montgolfière et si les vents m'aident un peu, je vous suivrais.",82,Alexandre (Delon),bruits de vagues,
01:36:36,01:36:42,"Mathilde, c'était donc elle ? Vous le saviez n'est-ce pas ? Vous le saviez tous.",80,Laure (Dombasle),,
01:37:57,01:37:59,"Monte petite, monte, il va t'aider.",35,Cristobal,,
01:38:01,01:38:04,Vous croyez qu'il nous verra de là-haut ?,41,Laure (Dombasle),,
01:38:03,01:38:06,Tu auras toute la vie pour le voir.,35,Cristobal,,
01:38:07,01:38:08,"Ha, ha ha ha.",13,Laure (Dombasle),,
01:38:09,01:38:09,Gracias,7,Laure (Dombasle),coups de feu,
01:39:14,01:39:16,"Ha ha ha ha ha, ha ha, ha ha.",29,Sonia (Bacall),,
01:39:49,01:39:52,"Allez, allez ! Monsieur Filippi, le film !",42,Alexandre (Delon),,
01:40:31,01:40:32,"Ha ha ha ha ha ha, oh !",23,Sonia (Bacall),,
01:40:35,01:40:36,"Senor, Senor !",14,,,
01:40:40,01:40:42,"Tiens, tu parles toi maintenant ?",33,Alexandre (Delon),,
01:41:08,01:41:08,Non ! Non !,11,Alexandre (Delon),bruit d'explosion de montgolfière,